"country","event","window","published","recomputed_A","diff","verdict"
"Botswana","Chalane_2020","baseline",0,0,0,"MATCH"
"Botswana","Chalane_2020","pre7",0.5,0.5,0,"MATCH"
"Botswana","Chalane_2020","acute",-10.2,-10.2,0,"MATCH"
"Botswana","Chalane_2020","early",NA,NA,NA,"BOTH_NA"
"Botswana","Chalane_2020","recov2",NA,NA,NA,"BOTH_NA"
"Botswana","Chalane_2020","recov3",NA,NA,NA,"BOTH_NA"
"Botswana","Eloise_2021","baseline",NA,NA,NA,"BOTH_NA"
"Botswana","Eloise_2021","pre7",NA,NA,NA,"BOTH_NA"
"Botswana","Eloise_2021","acute",NA,NA,NA,"BOTH_NA"
"Botswana","Eloise_2021","early",NA,NA,NA,"BOTH_NA"
"Botswana","Eloise_2021","recov2",NA,NA,NA,"BOTH_NA"
"Botswana","Eloise_2021","recov3",NA,NA,NA,"BOTH_NA"
"Madagascar","Ava_2018","baseline",NA,NA,NA,"BOTH_NA"
"Madagascar","Ava_2018","pre7",NA,NA,NA,"BOTH_NA"
"Madagascar","Ava_2018","acute",NA,NA,NA,"BOTH_NA"
"Madagascar","Ava_2018","early",NA,NA,NA,"BOTH_NA"
"Madagascar","Ava_2018","recov2",NA,NA,NA,"BOTH_NA"
"Madagascar","Ava_2018","recov3",NA,NA,NA,"BOTH_NA"
"Madagascar","Belna_2019","baseline",0,0,0,"MATCH"
"Madagascar","Belna_2019","pre7",12.9,12.9,0,"MATCH"
"Madagascar","Belna_2019","acute",-16.9,-16.9,0,"MATCH"
"Madagascar","Belna_2019","early",-22.9,-22.9,0,"MATCH"
"Madagascar","Belna_2019","recov2",-4.7,-4.7,0,"MATCH"
"Madagascar","Belna_2019","recov3",-47.8,-47.8,0,"MATCH"
"Madagascar","Chalane_2020","baseline",0,0,0,"MATCH"
"Madagascar","Chalane_2020","pre7",17.3,17.3,0,"MATCH"
"Madagascar","Chalane_2020","acute",-9.5,-9.5,0,"MATCH"
"Madagascar","Chalane_2020","early",NA,NA,NA,"BOTH_NA"
"Madagascar","Chalane_2020","recov2",NA,NA,NA,"BOTH_NA"
"Madagascar","Chalane_2020","recov3",NA,NA,NA,"BOTH_NA"
"Madagascar","Diane_2020","baseline",0,0,0,"MATCH"
"Madagascar","Diane_2020","pre7",-0.4,-0.4,0,"MATCH"
"Madagascar","Diane_2020","acute",-19.6,-19.6,0,"MATCH"
"Madagascar","Diane_2020","early",-0.9,-0.9,0,"MATCH"
"Madagascar","Diane_2020","recov2",-9.1,-9.1,0,"MATCH"
"Madagascar","Diane_2020","recov3",-10,-10,0,"MATCH"
"Madagascar","Eliakim_2018","baseline",NA,NA,NA,"BOTH_NA"
"Madagascar","Eliakim_2018","pre7",NA,NA,NA,"BOTH_NA"
"Madagascar","Eliakim_2018","acute",NA,NA,NA,"BOTH_NA"
"Madagascar","Eliakim_2018","early",NA,NA,NA,"BOTH_NA"
"Madagascar","Eliakim_2018","recov2",NA,NA,NA,"BOTH_NA"
"Madagascar","Eliakim_2018","recov3",NA,NA,NA,"BOTH_NA"
"Madagascar","Eloise_2021","baseline",NA,NA,NA,"BOTH_NA"
"Madagascar","Eloise_2021","pre7",NA,NA,NA,"BOTH_NA"
"Madagascar","Eloise_2021","acute",NA,NA,NA,"BOTH_NA"
"Madagascar","Eloise_2021","early",NA,NA,NA,"BOTH_NA"
"Madagascar","Eloise_2021","recov2",NA,NA,NA,"BOTH_NA"
"Madagascar","Eloise_2021","recov3",NA,NA,NA,"BOTH_NA"
"Madagascar","Francisco_2020","baseline",0,0,0,"MATCH"
"Madagascar","Francisco_2020","pre7",11.3,11.3,0,"MATCH"
"Madagascar","Francisco_2020","acute",-27.8,-28.3,-0.5,"DIFFER"
"Madagascar","Francisco_2020","early",-6.4,-6.4,0,"MATCH"
"Madagascar","Francisco_2020","recov2",3.2,3.2,0,"MATCH"
"Madagascar","Francisco_2020","recov3",-14.5,-14.5,0,"MATCH"
"Madagascar","Iman_2021","baseline",NA,NA,NA,"BOTH_NA"
"Madagascar","Iman_2021","pre7",NA,NA,NA,"BOTH_NA"
"Madagascar","Iman_2021","acute",NA,NA,NA,"BOTH_NA"
"Madagascar","Iman_2021","early",NA,NA,NA,"BOTH_NA"
"Madagascar","Iman_2021","recov2",NA,NA,NA,"BOTH_NA"
"Madagascar","Iman_2021","recov3",NA,NA,NA,"BOTH_NA"
"Malawi","Idai_2019","baseline",0,0,0,"MATCH"
"Malawi","Idai_2019","pre7",-16.7,-16.7,0,"MATCH"
"Malawi","Idai_2019","acute",-3,-3,0,"MATCH"
"Malawi","Idai_2019","early",-8.3,-8.3,0,"MATCH"
"Malawi","Idai_2019","recov2",-26.3,-26.3,0,"MATCH"
"Malawi","Idai_2019","recov3",-34.9,-34.9,0,"MATCH"
"Mozambique","Chalane_2020","baseline",0,0,0,"MATCH"
"Mozambique","Chalane_2020","pre7",21.8,21.8,0,"MATCH"
"Mozambique","Chalane_2020","acute",-16.7,-16.7,0,"MATCH"
"Mozambique","Chalane_2020","early",NA,NA,NA,"BOTH_NA"
"Mozambique","Chalane_2020","recov2",NA,NA,NA,"BOTH_NA"
"Mozambique","Chalane_2020","recov3",NA,NA,NA,"BOTH_NA"
"Mozambique","Desmond_2019","baseline",0,0,0,"MATCH"
"Mozambique","Desmond_2019","pre7",68.2,68.2,0,"MATCH"
"Mozambique","Desmond_2019","acute",35.5,35.5,0,"MATCH"
"Mozambique","Desmond_2019","early",43.8,43.8,0,"MATCH"
"Mozambique","Desmond_2019","recov2",42,42,0,"MATCH"
"Mozambique","Desmond_2019","recov3",0.6,0.6,0,"MATCH"
"Mozambique","Eloise_2021","baseline",NA,NA,NA,"BOTH_NA"
"Mozambique","Eloise_2021","pre7",NA,NA,NA,"BOTH_NA"
"Mozambique","Eloise_2021","acute",NA,NA,NA,"BOTH_NA"
"Mozambique","Eloise_2021","early",NA,NA,NA,"BOTH_NA"
"Mozambique","Eloise_2021","recov2",NA,NA,NA,"BOTH_NA"
"Mozambique","Eloise_2021","recov3",NA,NA,NA,"BOTH_NA"
"Mozambique","Guambe_2021","baseline",NA,NA,NA,"BOTH_NA"
"Mozambique","Guambe_2021","pre7",NA,NA,NA,"BOTH_NA"
"Mozambique","Guambe_2021","acute",NA,NA,NA,"BOTH_NA"
"Mozambique","Guambe_2021","early",NA,NA,NA,"BOTH_NA"
"Mozambique","Guambe_2021","recov2",NA,NA,NA,"BOTH_NA"
"Mozambique","Guambe_2021","recov3",NA,NA,NA,"BOTH_NA"
"Mozambique","Idai_2019","baseline",0,0,0,"MATCH"
"Mozambique","Idai_2019","pre7",6.1,6.1,0,"MATCH"
"Mozambique","Idai_2019","acute",-6,-6,0,"MATCH"
"Mozambique","Idai_2019","early",4.9,4.9,0,"MATCH"
"Mozambique","Idai_2019","recov2",-13.1,-13.1,0,"MATCH"
"Mozambique","Idai_2019","recov3",9.9,9.9,0,"MATCH"
"Mozambique","Kenneth_2019","baseline",0,0,0,"MATCH"
"Mozambique","Kenneth_2019","pre7",-17.5,-17.5,0,"MATCH"
"Mozambique","Kenneth_2019","acute",-32.2,-32.2,0,"MATCH"
"Mozambique","Kenneth_2019","early",-4.1,-4.1,0,"MATCH"
"Mozambique","Kenneth_2019","recov2",-6.4,-6.4,0,"MATCH"
"Mozambique","Kenneth_2019","recov3",-3.5,-3.5,0,"MATCH"
"South_Africa","Eloise_2021","baseline",NA,NA,NA,"BOTH_NA"
"South_Africa","Eloise_2021","pre7",NA,NA,NA,"BOTH_NA"
"South_Africa","Eloise_2021","acute",NA,NA,NA,"BOTH_NA"
"South_Africa","Eloise_2021","early",NA,NA,NA,"BOTH_NA"
"South_Africa","Eloise_2021","recov2",NA,NA,NA,"BOTH_NA"
"South_Africa","Eloise_2021","recov3",NA,NA,NA,"BOTH_NA"
"Zimbabwe","Chalane_2020","baseline",0,0,0,"MATCH"
"Zimbabwe","Chalane_2020","pre7",20.2,20.2,0,"MATCH"
"Zimbabwe","Chalane_2020","acute",-42.9,-42.9,0,"MATCH"
"Zimbabwe","Chalane_2020","early",NA,NA,NA,"BOTH_NA"
"Zimbabwe","Chalane_2020","recov2",NA,NA,NA,"BOTH_NA"
"Zimbabwe","Chalane_2020","recov3",NA,NA,NA,"BOTH_NA"
"Zimbabwe","Eloise_2021","baseline",NA,NA,NA,"BOTH_NA"
"Zimbabwe","Eloise_2021","pre7",NA,NA,NA,"BOTH_NA"
"Zimbabwe","Eloise_2021","acute",NA,NA,NA,"BOTH_NA"
"Zimbabwe","Eloise_2021","early",NA,NA,NA,"BOTH_NA"
"Zimbabwe","Eloise_2021","recov2",NA,NA,NA,"BOTH_NA"
"Zimbabwe","Eloise_2021","recov3",NA,NA,NA,"BOTH_NA"
"Zimbabwe","Idai_2019","baseline",0,0,0,"MATCH"
"Zimbabwe","Idai_2019","pre7",-25.2,-25.2,0,"MATCH"
"Zimbabwe","Idai_2019","acute",-37.8,-37.8,0,"MATCH"
"Zimbabwe","Idai_2019","early",9.3,9.3,0,"MATCH"
"Zimbabwe","Idai_2019","recov2",3.2,3.2,0,"MATCH"
"Zimbabwe","Idai_2019","recov3",-23.1,-23.1,0,"MATCH"
