"country","event","window","n_days","acute_soundings","NIRvR_pct","A_SIF_pct","A_PhiF_residual_pct","A_PhiF_direct_pct","B_SIF_pct","B_PhiF_residual_pct","B_PhiF_direct_pct","Diff_SIF_pp","Diff_PhiF_residual_pp","Diff_PhiF_direct_pp","SIF_sign_changed","PhiF_sign_changed"
"Botswana","Chalane_2020","baseline",6,NA,0,0,0,0,0,0,0,0,0,0,"no","no"
"Botswana","Chalane_2020","pre7",6,NA,15.668277632891,0.528146312579593,-13.0892684062983,-15.0765805138929,3.2861128355875,-10.7048925173781,-12.9714622519757,2.75796652300791,2.38437588892018,2.10511826191722,"no","no"
"Botswana","Chalane_2020","acute",1,15,7.19509788439503,-10.1642488651805,-16.1941610131246,-20.8287619473894,-21.8138225793633,-27.0617976346672,-31.9945500053165,-11.6495737141829,-10.8676366215425,-11.1657880579271,"no","no"
"Botswana","Chalane_2020","early",0,NA,NA,NA,NA,NA,NA,NA,NA,NA,NA,NA,NA,NA
"Botswana","Chalane_2020","recov2",0,NA,NA,NA,NA,NA,NA,NA,NA,NA,NA,NA,NA,NA
"Botswana","Chalane_2020","recov3",0,NA,NA,NA,NA,NA,NA,NA,NA,NA,NA,NA,NA,NA
"Botswana","Eloise_2021","baseline",0,NA,NA,NA,NA,NA,NA,NA,NA,NA,NA,NA,NA,NA
"Botswana","Eloise_2021","pre7",0,NA,NA,NA,NA,NA,NA,NA,NA,NA,NA,NA,NA,NA
"Botswana","Eloise_2021","acute",0,0,NA,NA,NA,NA,NA,NA,NA,NA,NA,NA,NA,NA
"Botswana","Eloise_2021","early",0,NA,NA,NA,NA,NA,NA,NA,NA,NA,NA,NA,NA,NA
"Botswana","Eloise_2021","recov2",0,NA,NA,NA,NA,NA,NA,NA,NA,NA,NA,NA,NA,NA
"Botswana","Eloise_2021","recov3",0,NA,NA,NA,NA,NA,NA,NA,NA,NA,NA,NA,NA,NA
"Madagascar","Ava_2018","baseline",0,NA,NA,NA,NA,NA,NA,NA,NA,NA,NA,NA,NA,NA
"Madagascar","Ava_2018","pre7",0,NA,NA,NA,NA,NA,NA,NA,NA,NA,NA,NA,NA,NA
"Madagascar","Ava_2018","acute",0,0,NA,NA,NA,NA,NA,NA,NA,NA,NA,NA,NA,NA
"Madagascar","Ava_2018","early",0,NA,NA,NA,NA,NA,NA,NA,NA,NA,NA,NA,NA,NA
"Madagascar","Ava_2018","recov2",0,NA,NA,NA,NA,NA,NA,NA,NA,NA,NA,NA,NA,NA
"Madagascar","Ava_2018","recov3",0,NA,NA,NA,NA,NA,NA,NA,NA,NA,NA,NA,NA,NA
"Madagascar","Belna_2019","baseline",7,NA,0,0,0,0,0,0,0,0,0,0,"no","no"
"Madagascar","Belna_2019","pre7",7,NA,19.167281965848,12.8590653655683,-5.29358100328883,-13.5750835337308,8.70041692988485,-8.78333789551635,-16.0723272199475,-4.1586484356834,-3.48975689222752,-2.49724368621669,"no","no"
"Madagascar","Belna_2019","acute",7,6037,-8.90762107265898,-16.8955454243254,-8.76903693341672,-12.3132154105004,-13.7438268629931,-5.30912228584091,-10.9408578161154,3.15171856133234,3.45991464757581,1.37235759438499,"no","no"
"Madagascar","Belna_2019","early",7,NA,-8.81631307264454,-22.8683678149875,-15.4107112970086,-22.0922337322363,-18.4341410236922,-10.5477506724531,-19.5151939709367,4.43422679129529,4.86296062455553,2.57703976129957,"no","no"
"Madagascar","Belna_2019","recov2",7,NA,6.59409219858269,-4.72738155597248,-10.6211080943055,-29.0911191303012,-9.28762980791497,-14.8992516179136,-31.5411186588985,-4.5602482519425,-4.27814352360809,-2.44999952859725,"no","no"
"Madagascar","Belna_2019","recov3",7,NA,-16.6756109923963,-47.8460537318659,-37.4085464180544,-38.0397692742097,-43.4463040678153,-32.1282800801288,-35.9263070690158,4.39974966405064,5.28026633792555,2.11346220519391,"no","no"
"Madagascar","Chalane_2020","baseline",7,NA,0,0,0,0,0,0,0,0,0,0,"no","no"
"Madagascar","Chalane_2020","pre7",7,NA,17.7759127783221,17.3066025772655,-0.398477235273009,0.97722735810513,15.6859801579371,-1.77449919179886,-0.789473353572084,-1.62062241932847,-1.37602195652585,-1.76670071167721,"no","no"
"Madagascar","Chalane_2020","acute",5,1665,7.41476777226076,-9.46080442379662,-15.7106630178047,-28.0345124123894,-11.4087201085078,-17.5241154183546,-31.1997404455873,-1.94791568471119,-1.81345240054992,-3.1652280331979,"no","no"
"Madagascar","Chalane_2020","early",0,NA,NA,NA,NA,NA,NA,NA,NA,NA,NA,NA,NA,NA
"Madagascar","Chalane_2020","recov2",0,NA,NA,NA,NA,NA,NA,NA,NA,NA,NA,NA,NA,NA
"Madagascar","Chalane_2020","recov3",0,NA,NA,NA,NA,NA,NA,NA,NA,NA,NA,NA,NA,NA
"Madagascar","Diane_2020","baseline",7,NA,0,0,0,0,0,0,0,0,0,0,"no","no"
"Madagascar","Diane_2020","pre7",6,NA,-19.3205972479693,-0.402587005147916,23.4483766581245,35.0052841521843,0.715060030973927,24.8336707951633,34.6352802043108,1.11764703612184,1.38529413703885,-0.370003947873521,"YES","no"
"Madagascar","Diane_2020","acute",6,2573,-7.88569146681532,-19.6151661500553,-12.7336076989759,-9.91144855623311,-19.2687096388015,-12.3574918525121,-8.82402416411661,0.346456511253869,0.376115846463797,1.08742439211651,"no","no"
"Madagascar","Diane_2020","early",6,NA,2.52443661648363,-0.872508625656223,-3.313303007796,-3.67506764650096,0.869229827790291,-1.61445099658046,-1.49794817343919,1.74173845344651,1.69885201121553,2.17711947306178,"YES","no"
"Madagascar","Diane_2020","recov2",7,NA,1.21385436355187,-9.12915400988484,-10.218965020624,-8.00659821149867,-9.10890794003097,-10.1989617612074,-7.88748827391534,0.0202460698538687,0.0200032594165904,0.11910993758333,"no","no"
"Madagascar","Diane_2020","recov3",7,NA,-17.1292551769263,-10.0111911007589,8.58935694540235,2.70019212779126,-7.1539431369428,12.0371936577624,5.42657023690479,2.85724796381612,3.44783671236002,2.72637810911353,"no","no"
"Madagascar","Eliakim_2018","baseline",0,NA,NA,NA,NA,NA,NA,NA,NA,NA,NA,NA,NA,NA
"Madagascar","Eliakim_2018","pre7",0,NA,NA,NA,NA,NA,NA,NA,NA,NA,NA,NA,NA,NA
"Madagascar","Eliakim_2018","acute",0,0,NA,NA,NA,NA,NA,NA,NA,NA,NA,NA,NA,NA
"Madagascar","Eliakim_2018","early",0,NA,NA,NA,NA,NA,NA,NA,NA,NA,NA,NA,NA,NA
"Madagascar","Eliakim_2018","recov2",0,NA,NA,NA,NA,NA,NA,NA,NA,NA,NA,NA,NA,NA
"Madagascar","Eliakim_2018","recov3",0,NA,NA,NA,NA,NA,NA,NA,NA,NA,NA,NA,NA,NA
"Madagascar","Eloise_2021","baseline",0,NA,NA,NA,NA,NA,NA,NA,NA,NA,NA,NA,NA,NA
"Madagascar","Eloise_2021","pre7",0,NA,NA,NA,NA,NA,NA,NA,NA,NA,NA,NA,NA,NA
"Madagascar","Eloise_2021","acute",0,0,NA,NA,NA,NA,NA,NA,NA,NA,NA,NA,NA,NA
"Madagascar","Eloise_2021","early",0,NA,NA,NA,NA,NA,NA,NA,NA,NA,NA,NA,NA,NA
"Madagascar","Eloise_2021","recov2",0,NA,NA,NA,NA,NA,NA,NA,NA,NA,NA,NA,NA,NA
"Madagascar","Eloise_2021","recov3",0,NA,NA,NA,NA,NA,NA,NA,NA,NA,NA,NA,NA,NA
"Madagascar","Francisco_2020","baseline",6,NA,0,0,0,0,0,0,0,0,0,0,"no","no"
"Madagascar","Francisco_2020","pre7",6,NA,-5.03873736429379,11.3104259605238,17.2166659025342,16.6183487621557,12.7483276792287,18.7308640911377,17.4620562884375,1.43790171870495,1.51419818860357,0.84370752628185,"no","no"
"Madagascar","Francisco_2020","acute",4,320,-40.4536060880385,-28.3417180792197,20.3402544018468,6.84476686325664,-27.9122245040676,21.0615299433802,7.22537608908466,0.429493575152108,0.721275541533405,0.380609225828024,"no","no"
"Madagascar","Francisco_2020","early",6,NA,1.19357908619825,-6.4349982510484,-7.53859820567122,-13.3998177803401,-5.52262761690988,-6.63698899056348,-14.0666351180582,0.912370634138517,0.901609215107745,-0.666817337718125,"no","no"
"Madagascar","Francisco_2020","recov2",6,NA,2.93738991732114,3.22456749523949,0.278982766270852,-1.58337787351032,0.97651502519844,-1.90491996513381,-2.93200838415297,-2.24805247004105,-2.18390273140466,-1.34863051064264,"no","YES"
"Madagascar","Francisco_2020","recov3",4,NA,-13.2321468752657,-14.5342542211058,-1.5006794555216,-0.0625731189062997,-16.0761184171112,-3.27767881701202,-1.43082077640375,-1.54186419600547,-1.77699936149042,-1.36824765749745,"no","no"
"Madagascar","Iman_2021","baseline",0,NA,NA,NA,NA,NA,NA,NA,NA,NA,NA,NA,NA,NA
"Madagascar","Iman_2021","pre7",0,NA,NA,NA,NA,NA,NA,NA,NA,NA,NA,NA,NA,NA
"Madagascar","Iman_2021","acute",0,0,NA,NA,NA,NA,NA,NA,NA,NA,NA,NA,NA,NA
"Madagascar","Iman_2021","early",0,NA,NA,NA,NA,NA,NA,NA,NA,NA,NA,NA,NA,NA
"Madagascar","Iman_2021","recov2",0,NA,NA,NA,NA,NA,NA,NA,NA,NA,NA,NA,NA,NA
"Madagascar","Iman_2021","recov3",0,NA,NA,NA,NA,NA,NA,NA,NA,NA,NA,NA,NA,NA
"Malawi","Idai_2019","baseline",6,NA,0,0,0,0,0,0,0,0,0,0,"no","no"
"Malawi","Idai_2019","pre7",4,NA,-12.5980997408161,-16.6738221014407,-4.66319650778567,-0.357516061996305,-13.3797752782645,-0.894346158527914,2.1632050424439,3.29404682317617,3.76885034925776,2.5207211044402,"no","no"
"Malawi","Idai_2019","acute",4,1424,-5.83399855488099,-2.96345887334239,3.04838225844344,2.9947040038644,-0.186252701946135,5.99764858469267,5.20469987800932,2.77720617139626,2.94926632624923,2.20999587414492,"no","no"
"Malawi","Idai_2019","early",5,NA,-11.038847241708,-8.26526415746383,3.11774634011324,7.09152583040636,-7.16995784664613,4.34896499775996,7.73246955136875,1.0953063108177,1.23121865764673,0.640943720962384,"no","no"
"Malawi","Idai_2019","recov2",4,NA,-17.5835059469233,-26.3230880527368,-10.6041663215923,-6.29509433128486,-24.2702828516425,-8.11339645242965,-5.30871769900192,2.05280520109424,2.49076986916265,0.986376632282938,"no","no"
"Malawi","Idai_2019","recov3",5,NA,-15.8863778909985,-34.9063227972989,-22.6122052878102,-16.167177836766,-30.6886290808121,-17.5979238780511,-12.5265909846984,4.21769371648671,5.01428140975914,3.64058685206763,"no","no"
"Mozambique","Chalane_2020","baseline",7,NA,0,0,0,0,0,0,0,0,0,0,"no","no"
"Mozambique","Chalane_2020","pre7",6,NA,36.3591153741094,21.7991555817368,-10.6776578539884,-14.0634362126534,15.8753808656719,-15.0219033412172,-18.8634075022252,-5.92377471606484,-4.34424548722878,-4.79997128957173,"no","no"
"Mozambique","Chalane_2020","acute",2,170,-22.777322299343,-16.7460831958868,7.81019162121721,10.3825615584629,-17.323854591484,7.06200286009069,7.41712878011911,-0.577771395597264,-0.748188761126523,-2.96543277834379,"no","no"
"Mozambique","Chalane_2020","early",0,NA,NA,NA,NA,NA,NA,NA,NA,NA,NA,NA,NA,NA
"Mozambique","Chalane_2020","recov2",0,NA,NA,NA,NA,NA,NA,NA,NA,NA,NA,NA,NA,NA
"Mozambique","Chalane_2020","recov3",0,NA,NA,NA,NA,NA,NA,NA,NA,NA,NA,NA,NA,NA
"Mozambique","Desmond_2019","baseline",6,NA,0,0,0,0,0,0,0,0,0,0,"no","no"
"Mozambique","Desmond_2019","pre7",7,NA,36.0887347718142,68.2051210399101,23.5995920764102,151.209999277319,64.0510468615346,20.5471173911684,136.273581412508,-4.15407417837548,-3.05247468524182,-14.9364178648111,"no","no"
"Mozambique","Desmond_2019","acute",6,602,14.5402684098425,35.5186496761743,18.3152890748151,139.023496835235,39.0679639678856,21.4140370880564,130.769786591525,3.54931429171131,3.09874801324137,-8.25371024371051,"no","no"
"Mozambique","Desmond_2019","early",7,NA,27.9635478720551,43.7647059827587,12.348171313992,132.1444602567,42.7619633631656,11.5645554825556,119.139269765317,-1.00274261959311,-0.783615831436379,-13.0051904913833,"no","no"
"Mozambique","Desmond_2019","recov2",7,NA,29.5184515853504,41.9974359164124,9.63490852331454,133.348772083894,41.6225002549905,9.34542416272155,120.699433063974,-0.374935661421816,-0.289484360592995,-12.6493390199197,"no","no"
"Mozambique","Desmond_2019","recov3",7,NA,13.4060328163886,0.635442872884196,-11.2609440841483,111.028880153768,-0.584835478709552,-12.3369700426345,98.3627595455768,-1.22027835159375,-1.07602595848623,-12.6661206081909,"YES","no"
"Mozambique","Eloise_2021","baseline",0,NA,NA,NA,NA,NA,NA,NA,NA,NA,NA,NA,NA,NA
"Mozambique","Eloise_2021","pre7",0,NA,NA,NA,NA,NA,NA,NA,NA,NA,NA,NA,NA,NA
"Mozambique","Eloise_2021","acute",0,0,NA,NA,NA,NA,NA,NA,NA,NA,NA,NA,NA,NA
"Mozambique","Eloise_2021","early",0,NA,NA,NA,NA,NA,NA,NA,NA,NA,NA,NA,NA,NA
"Mozambique","Eloise_2021","recov2",0,NA,NA,NA,NA,NA,NA,NA,NA,NA,NA,NA,NA,NA
"Mozambique","Eloise_2021","recov3",0,NA,NA,NA,NA,NA,NA,NA,NA,NA,NA,NA,NA,NA
"Mozambique","Guambe_2021","baseline",0,NA,NA,NA,NA,NA,NA,NA,NA,NA,NA,NA,NA,NA
"Mozambique","Guambe_2021","pre7",0,NA,NA,NA,NA,NA,NA,NA,NA,NA,NA,NA,NA,NA
"Mozambique","Guambe_2021","acute",0,0,NA,NA,NA,NA,NA,NA,NA,NA,NA,NA,NA,NA
"Mozambique","Guambe_2021","early",0,NA,NA,NA,NA,NA,NA,NA,NA,NA,NA,NA,NA,NA
"Mozambique","Guambe_2021","recov2",0,NA,NA,NA,NA,NA,NA,NA,NA,NA,NA,NA,NA,NA
"Mozambique","Guambe_2021","recov3",0,NA,NA,NA,NA,NA,NA,NA,NA,NA,NA,NA,NA,NA
"Mozambique","Idai_2019","baseline",7,NA,0,0,0,0,0,0,0,0,0,0,"no","no"
"Mozambique","Idai_2019","pre7",7,NA,4.62722069434628,6.07806448637772,1.38667909020527,0.620148320473821,5.04106719919496,0.395543819382982,-0.324776393607123,-1.03699728718276,-0.991135270822285,-0.944924714080944,"no","no"
"Mozambique","Idai_2019","acute",7,4139,7.01285271621178,-6.02307679649862,-12.1816484486032,-21.258185829846,-8.00611595125915,-14.0347334794446,-23.8021139031512,-1.98303915476053,-1.85308503084145,-2.54392807330524,"no","no"
"Mozambique","Idai_2019","early",7,NA,5.9761533446805,4.88072490826332,-1.03365559311664,-5.32019753696308,4.80801182678354,-1.10226827548424,-5.73895677566412,-0.0727130814797734,-0.068612682367597,-0.418759238701035,"no","no"
"Mozambique","Idai_2019","recov2",4,NA,-7.94859156937845,-13.1347193075394,-5.63394718948777,-7.65633338939266,-12.3096755541961,-4.73766133421476,-6.01082376853228,0.825043753343246,0.896285855273005,1.64550962086038,"no","no"
"Mozambique","Idai_2019","recov3",7,NA,6.98295768372798,9.87940410187523,2.70739048616506,3.18718396621293,8.59418706224579,1.50606172553303,1.52885548184063,-1.28521703962944,-1.20132876063204,-1.6583284843723,"no","no"
"Mozambique","Kenneth_2019","baseline",6,NA,0,0,0,0,0,0,0,0,0,0,"no","no"
"Mozambique","Kenneth_2019","pre7",4,NA,-10.3985687346634,-17.5286948761756,-7.95760295435214,-7.93519585312742,-15.5883050460324,-5.79202389747623,-6.65494255908076,1.94038983014319,2.16557905687591,1.28025329404666,"no","no"
"Mozambique","Kenneth_2019","acute",1,121,-15.0963392681156,-32.1615729101177,-20.0995263277188,-17.428968604031,-29.5651232888425,-17.0414136398871,-15.4126535910075,2.59644962127528,3.05811268783162,2.01631501302348,"no","no"
"Mozambique","Kenneth_2019","early",4,NA,-19.907448473024,-4.06985493011667,19.7741153714813,17.5361893768831,-1.92673405084536,22.4499208470372,18.572285525418,2.1431208792713,2.67580547555595,1.03609614853489,"no","no"
"Mozambique","Kenneth_2019","recov2",3,NA,-14.9805198996801,-6.44962178785764,10.0340511395227,12.864533926128,-3.33240471749723,13.7005250660655,15.5624552344702,3.11721707036041,3.66647392654273,2.69792130834217,"no","no"
"Mozambique","Kenneth_2019","recov3",3,NA,-10.5014159857614,-3.49005361979342,7.8340483742765,7.75684140147325,1.25880086991239,13.14011499199,11.9296730619343,4.74885448970581,5.30606661771353,4.17283166046108,"YES","no"
"South_Africa","Eloise_2021","baseline",0,NA,NA,NA,NA,NA,NA,NA,NA,NA,NA,NA,NA,NA
"South_Africa","Eloise_2021","pre7",0,NA,NA,NA,NA,NA,NA,NA,NA,NA,NA,NA,NA,NA
"South_Africa","Eloise_2021","acute",0,0,NA,NA,NA,NA,NA,NA,NA,NA,NA,NA,NA,NA
"South_Africa","Eloise_2021","early",0,NA,NA,NA,NA,NA,NA,NA,NA,NA,NA,NA,NA,NA
"South_Africa","Eloise_2021","recov2",0,NA,NA,NA,NA,NA,NA,NA,NA,NA,NA,NA,NA,NA
"South_Africa","Eloise_2021","recov3",0,NA,NA,NA,NA,NA,NA,NA,NA,NA,NA,NA,NA,NA
"Zimbabwe","Chalane_2020","baseline",6,NA,0,0,0,0,0,0,0,0,0,0,"no","no"
"Zimbabwe","Chalane_2020","pre7",6,NA,12.8338116415166,20.2232231205072,6.54893366756717,0.969069342616176,18.8561483482493,5.33735111764744,-0.0813194979515082,-1.36707477225791,-1.21158254991973,-1.05038884056768,"no","no"
"Zimbabwe","Chalane_2020","acute",2,515,-16.9667318093488,-42.9072183723596,-31.2410761713598,-22.4133741113878,-34.6055366213634,-21.2430573869673,-16.023517015358,8.30168175099624,9.99801878439242,6.38985709602983,"no","no"
"Zimbabwe","Chalane_2020","early",0,NA,NA,NA,NA,NA,NA,NA,NA,NA,NA,NA,NA,NA
"Zimbabwe","Chalane_2020","recov2",0,NA,NA,NA,NA,NA,NA,NA,NA,NA,NA,NA,NA,NA
"Zimbabwe","Chalane_2020","recov3",0,NA,NA,NA,NA,NA,NA,NA,NA,NA,NA,NA,NA,NA
"Zimbabwe","Eloise_2021","baseline",0,NA,NA,NA,NA,NA,NA,NA,NA,NA,NA,NA,NA,NA
"Zimbabwe","Eloise_2021","pre7",0,NA,NA,NA,NA,NA,NA,NA,NA,NA,NA,NA,NA,NA
"Zimbabwe","Eloise_2021","acute",0,0,NA,NA,NA,NA,NA,NA,NA,NA,NA,NA,NA,NA
"Zimbabwe","Eloise_2021","early",0,NA,NA,NA,NA,NA,NA,NA,NA,NA,NA,NA,NA,NA
"Zimbabwe","Eloise_2021","recov2",0,NA,NA,NA,NA,NA,NA,NA,NA,NA,NA,NA,NA,NA
"Zimbabwe","Eloise_2021","recov3",0,NA,NA,NA,NA,NA,NA,NA,NA,NA,NA,NA,NA,NA
"Zimbabwe","Idai_2019","baseline",6,NA,0,0,0,0,0,0,0,0,0,0,"no","no"
"Zimbabwe","Idai_2019","pre7",7,NA,-9.79771704440526,-25.2025135478002,-17.0780561185779,-15.8699910770686,-23.8668201872051,-15.5972805585484,-14.716360713444,1.33569336059512,1.48077556002951,1.15363036362463,"no","no"
"Zimbabwe","Idai_2019","acute",3,2962,-9.52229763306192,-37.7599431882088,-31.2095077753271,-32.6536845931967,-34.3097203957343,-27.396167358611,-29.2046217978022,3.4502227924745,3.81334041671603,3.44906279539459,"no","no"
"Zimbabwe","Idai_2019","early",4,NA,3.51454719672554,9.30212317238308,5.59107500577527,10.4993864160691,12.07090863249,8.26585409247211,12.81694726823,2.76878546010695,2.67477908669684,2.31756085216094,"no","no"
"Zimbabwe","Idai_2019","recov2",5,NA,4.76713977929869,3.23980993310403,-1.45783291346135,-0.353532189865777,3.61992959668531,-1.09500954691527,-0.425404833049464,0.380119663581278,0.362823366546083,-0.0718726431836862,"no","no"
"Zimbabwe","Idai_2019","recov3",4,NA,-2.59260855676754,-23.0751399812717,-21.0276973041015,-28.7393378184545,-21.5029569611648,-19.4136688440301,-26.8251721548071,1.5721830201069,1.61402846007137,1.91416566364735,"no","no"
