"rel","date","n","sif","nirvr","phif","sif_raw","phif_raw","clim_n","sif.clim","nirvr.clim","phif.clim","sif_raw.clim","phif_raw.clim","sif_anom","nirvr_anom","phif_anom","sif_raw_anom","phif_raw_anom","dcf","dcf.clim","window"
-14,2019-11-25,1163,0.192123373343944,19.3650429448263,0.00965970440646408,0.527585938588849,0.0265195608059827,21,0.144637974794554,18.0495901036688,0.00736177784281176,0.37829412801736,0.0192805590761128,0.0474853985493898,1.31545284115747,0.00229792656365232,0.14929181057149,0.00723900172986991,0.364155598721646,0.382342637863828,"baseline"
-13,2019-11-26,52,0.398421216326264,28.1422502752147,0.0137748118260883,0.937343051227239,0.0325386034440034,22,0.149856196255027,18.2904243763276,0.00753120575478983,0.391751175346844,0.0197151225127873,0.248565020071237,9.85182589888711,0.00624360607129843,0.545591875880395,0.0128234809312161,0.425053789863403,0.382529027825761,"baseline"
-12,2019-11-27,554,0.368684613621215,32.0434383712274,0.0112068431902073,0.89708944625349,0.0272850189406899,23,0.149843181755958,18.7493555891712,0.00727942660753195,0.392349841400218,0.0190371025145991,0.218841431865257,13.2940827820562,0.00392741658267535,0.504739604853272,0.00824791642609079,0.410978654537684,0.381912176187451,"baseline"
-11,2019-11-28,2240,0.286716808421574,26.9500612441957,0.0102558399851741,0.733537022629288,0.0262240784289067,24,0.161691233975305,18.6593925081374,0.00812290134366638,0.424428020843333,0.0212927533820986,0.125025574446269,8.29066873605835,0.00213293864150775,0.309109001785955,0.00493132504680812,0.390868899014623,0.380962674552041,"baseline"
-10,2019-11-29,2645,0.240983486908293,23.4483606346173,0.00993987706788211,0.638910629654335,0.0263331605879853,26,0.167921064138081,18.7061945184812,0.00855218519875506,0.444150511538465,0.0226075950715074,0.0730624227702123,4.74216611613606,0.00138769186912705,0.19476011811587,0.00372556551647788,0.377178709702593,0.378072432150151,"baseline"
-9,2019-11-30,541,0.28138468734784,22.7508067746924,0.0121706813560839,0.76890266302701,0.0332340028418105,26,0.159085347360518,18.6441279044644,0.00804354212594537,0.419282352033256,0.0211769187143332,0.122299339987322,4.10667887022798,0.00412713923013849,0.349620310993754,0.0120570841274773,0.365956187796368,0.379422951118867,"baseline"
-8,2019-12-01,282,0.303064759601079,25.5618087917201,0.0121365072906069,0.832922574089748,0.0335594839088035,27,0.163168750209174,19.1295503974036,0.00794482020465124,0.428687880723322,0.0208799377615118,0.139896009391905,6.43225839431654,0.00419168708595568,0.404234693366425,0.0126795461472917,0.363857060702528,0.380623660118081,"baseline"
-7,2019-12-02,545,0.366812204514254,34.1351035541364,0.0104002480259684,0.879719305777102,0.0249619049620214,27,0.166943555275876,19.4604026195801,0.00787162114686051,0.438687533924449,0.0206776418563278,0.199868649238378,14.6747009345564,0.00252862687910784,0.441031771852653,0.00428426310569364,0.416965050221593,0.380552311989396,"pre7"
-6,2019-12-03,1469,0.361495861986023,35.2734766942718,0.00982391079989295,0.910823730586719,0.0247750721825542,27,0.174348727948921,19.5873866690353,0.00833249051254841,0.457935396215249,0.0219471861448603,0.187147134037102,15.6860900252365,0.00149142028734454,0.45288833437147,0.00282788603769385,0.396888936735499,0.380727782542867,"pre7"
-5,2019-12-04,4753,0.272239992357082,25.3407721403676,0.0103188320943021,0.711317649503052,0.0269556254069658,27,0.189876454046445,20.2253779131239,0.00888166146069463,0.502664599790049,0.0235784048085943,0.0823635383106376,5.11539422724368,0.00143717063360742,0.208653049713003,0.00337722059837151,0.38272632845154,0.377739857005549,"pre7"
-4,2019-12-05,5070,0.257552472221497,23.7040918474297,0.0106735932839337,0.698493608068685,0.0289309966636498,27,0.183675396060639,20.114329517703,0.00853736085622346,0.485449407641699,0.0226122391591801,0.0738770761608581,3.58976232972666,0.00213623242771025,0.213044200426986,0.00631875750446971,0.368725596406848,0.378361561821508,"pre7"
-3,2019-12-06,1298,0.269819158749588,23.9860916983981,0.0114715249063542,0.751733330826064,0.0319380939238813,26,0.195222596247347,20.3888302649148,0.00896608767472039,0.511581032025454,0.0235896944990189,0.0745965625022412,3.59726143348329,0.00250543723163383,0.24015229880061,0.00834839942486242,0.358929353914758,0.381606400601721,"pre7"
-2,2019-12-07,209,0.431268300248408,35.2534155441582,0.0115184992475224,1.03159291163515,0.027531534153982,25,0.197750866762636,21.1040217095118,0.00848560687286287,0.518570590022416,0.022386133102537,0.233517433485772,14.1493938346464,0.0030328923746595,0.513022321612731,0.00514540105144492,0.418060550226947,0.381338376235505,"pre7"
-1,2019-12-08,933,0.459002757380344,37.1242155735601,0.0119807056003621,1.1459302636096,0.0298778245583106,24,0.194236397475781,20.9423949726689,0.0082480930663684,0.50689470148082,0.0216183745569571,0.264766359904564,16.1818206008913,0.00373261253399369,0.63903556212878,0.00825945000135343,0.400550340589241,0.383188849495461,"pre7"
0,2019-12-09,1893,0.25284119912935,25.7367498734533,0.00953069544176817,0.656319874323739,0.0247091416191883,24,0.214985919568371,21.6786762308874,0.009050051459282,0.563724023624945,0.023849639645977,0.0378552795609795,4.0580736425659,0.000480643982486163,0.0925958506987939,0.000859501973211302,0.38524080866799,0.381367319040149,"acute"
1,2019-12-10,237,0.327771893673958,25.7944199936944,0.0131051718928855,0.877803849899269,0.0350501112335318,24,0.225098863373404,21.9441982063883,0.00950134990367195,0.596573213470271,0.0252549271005404,0.102673030300554,3.85022178730604,0.00360382198921351,0.281230636428998,0.00979518413299139,0.373399927229267,0.377319762756363,"acute"
2,2019-12-11,833,0.343694396621809,25.9423481092579,0.0132381144059012,0.954544927324487,0.0367575895537628,24,0.236346915382073,22.4965339234409,0.00981472770867885,0.619933355579912,0.0258594516467999,0.107347481239737,3.44581418581696,0.00342338669722235,0.334611571744575,0.0108981379069629,0.360060995332254,0.381245682708884,"acute"
3,2019-12-12,10,0.22686672648415,20.792293686451,0.00986335970216585,0.599491834267974,0.0264131516358488,24,0.241493247162153,23.2873463689167,0.00957058384015641,0.632892044412412,0.0252131064133443,-0.0146265206780036,-2.49505268246564,0.000292775862009435,-0.0334002101444381,0.00120004522250445,0.378431720861005,0.38157099507604,"acute"
4,2019-12-13,3,0.413850088914235,34.287402076218,0.0118847543453675,1.02077786127726,0.0293129696580158,24,0.229732505390441,23.2265297133358,0.00899824696802426,0.602483806546429,0.0237077960906289,0.184117583523794,11.0608723628822,0.00288650737734324,0.418294054730833,0.00560517356738685,0.40542619958117,0.381309012614495,"acute"
5,2019-12-14,979,0.500567549296661,36.754861618294,0.0133508364418021,1.29518059495895,0.0345389799952431,24,0.250241434036413,24.0749709380461,0.00973192200001924,0.658162427934336,0.0257049808495619,0.250326115260248,12.6798906802479,0.0036189144417829,0.637018167024614,0.00883399914568121,0.386484750655585,0.380212274987808,"acute"
6,2019-12-15,2082,0.373475298080206,28.6152903165751,0.0128178895960914,0.998196145110315,0.0342393733701412,25,0.251202672474975,24.7822500234065,0.00956759135228521,0.666875866486255,0.0254812353631827,0.122272625605231,3.83304029316867,0.00325029824380622,0.331320278624061,0.00875813800695842,0.374150210767375,0.376685804808851,"acute"
7,2019-12-16,2788,0.339258569596039,27.8865512471583,0.0120039708687006,0.932764078666521,0.0329780171073804,26,0.2579622734947,25.2462601786865,0.00974289042252317,0.680466390372596,0.0257970729670377,0.0812962961013389,2.64029106847184,0.00226108044617743,0.252297688293925,0.00718094414034267,0.36371315893837,0.379096274473527,"early"
8,2019-12-17,52,0.421117354041109,30.3277687366753,0.014457388765451,1.14167838371717,0.0394056135057784,26,0.287033641008976,26.7229343099143,0.0101660583021803,0.753633727234744,0.0268092091127686,0.134083713032133,3.60483442676101,0.00429133046327069,0.388044656482426,0.0125964043930098,0.368858130316876,0.380866235992607,"early"
9,2019-12-18,299,0.56786328891057,39.5954019660236,0.0139303551397438,1.39132849063512,0.0340778879815245,26,0.28886768046423,27.1382862407971,0.0100327122960336,0.760429337471267,0.0265143821697097,0.27899560844634,12.4571157252266,0.00389764284371018,0.630899153163858,0.00756350581181477,0.408144656515549,0.379874455429128,"early"
10,2019-12-19,1201,0.52862814866816,40.97557846231,0.01259752389708,1.34959122370138,0.0321344384897163,25,0.289034317332366,27.2374034346031,0.00999013967493901,0.757949649727786,0.0262945294638844,0.239593831335793,13.7381750277069,0.00260738422214095,0.591641573973589,0.00583990902583192,0.391695010596134,0.381337094668718,"early"
11,2019-12-20,7550,0.266281016759875,28.7799517742666,0.00900076461344063,0.701599502519177,0.0237040944856065,25,0.301019538117066,27.8711279564321,0.0102382482588076,0.796160016081769,0.0271787885861222,-0.0347385213571908,0.90882381783452,-0.00123748364536696,-0.0945605135625918,-0.00347469410051563,0.379534215465891,0.378089243414291,"early"
12,2019-12-21,3157,0.272497566123528,29.6961675846736,0.00883957096228817,0.744406506541534,0.0241292154429575,25,0.301427534280345,27.7932902013888,0.0103591288945774,0.793310825840213,0.0273317898115839,-0.0289299681568167,1.9028773832848,-0.00151955793228919,-0.0489043192986786,-0.00320257436862635,0.366060161657553,0.379961453269085,"early"
13,2019-12-22,686,0.368672529103454,29.4842030660424,0.0125970489531793,1.03124770935935,0.0352092435600254,24,0.314482196629517,28.1845510833784,0.0107035054630923,0.824027113189198,0.0281087441951616,0.0541903324739372,1.29965198266406,0.00189354349008701,0.207220596170153,0.00710049936486388,0.357501428374069,0.381640593611525,"early"
14,2019-12-23,154,0.557891981567365,39.005821651101,0.0137459510631701,1.35157777684704,0.0332276850532896,24,0.311013241419105,28.3066927951661,0.01044750428927,0.815208374827023,0.0274692852885418,0.24687874014826,10.6991288559349,0.00329844677390004,0.536369402020021,0.00575839976474784,0.412770904585908,0.381513795764301,"recov2"
15,2019-12-24,974,0.515450831179367,44.0877107721092,0.0112025394538427,1.30783211290301,0.0283978363944998,23,0.316299731789492,28.6758186256944,0.0104960286349399,0.827274647921177,0.0275219182382723,0.199151099389875,15.4118921464147,0.000706510818902838,0.480557464981832,0.000875918156227548,0.394126146692648,0.382339447466821,"recov2"
16,2019-12-25,959,0.277515647207952,32.2028016662936,0.0080113086748323,0.729253662738016,0.0210346536893592,23,0.326828050872031,28.7805805369191,0.0108401432621811,0.863678061904743,0.02872267779164,-0.0493124036640799,3.42222112937449,-0.00282883458734875,-0.134424399166727,-0.00768802410228084,0.380547484898473,0.378414209284475,"recov2"
17,2019-12-26,4153,0.388095792711935,30.1578025715898,0.012881688388508,1.05484670015807,0.0349607467460341,24,0.307470065007522,27.7711160524406,0.0106625218980544,0.815574654264546,0.0283156285823814,0.0806257277044123,2.38668651914924,0.00221916649045361,0.239272045893524,0.00664511816365275,0.367916771843509,0.376998063144553,"recov2"
18,2019-12-27,3029,0.35497187609611,29.7470252090055,0.0117978356206927,0.987454185574797,0.0327866126284499,24,0.320173914197734,28.4133541082633,0.0109041078812311,0.842924939625001,0.0287782826426216,0.034797961898376,1.33367110074219,0.000893727739461668,0.144529245949796,0.00400832998582838,0.359481868912714,0.379836802954451,"recov2"
19,2019-12-28,160,0.436962492635939,39.3657990552725,0.011079859041656,1.05365540239873,0.0267026092667784,23,0.328435072082574,28.9771895773412,0.0109582510610488,0.861965439939546,0.0288271001642589,0.108527420553365,10.3886094779312,0.000121607980607213,0.191689962459181,-0.00212449089748052,0.414711006692664,0.381030441435806,"recov2"
20,2019-12-29,705,0.622488614499358,41.6293029815252,0.0147774558326702,1.56927852473413,0.0372280310635298,21,0.319803697269903,28.6509822851548,0.0108320400948409,0.837310484033884,0.0284154155068109,0.302684917229454,12.9783206963704,0.00394541573782926,0.731968040700249,0.00881261555671889,0.396671849316755,0.381941589611055,"recov2"
21,2019-12-30,1026,0.574151296375072,41.2270797886731,0.0139413272441256,1.50030943709035,0.0364434087798914,19,0.329093407190705,28.8683755037036,0.0111106850997302,0.870121472946343,0.0294476017679881,0.245057889184367,12.3587042849695,0.00283064214439535,0.63018796414401,0.00699580701190335,0.382688585555098,0.378215476140765,"recov3"
22,2019-12-31,2550,0.404599478188537,30.0299213188037,0.0132325087552586,1.08685346145859,0.035529700880639,18,0.33764801746624,29.1108054286757,0.0114045955131258,0.899620302165156,0.0304367426291345,0.0669514607222965,0.919115890127998,0.00182791324213282,0.187233159293429,0.00509295825150451,0.372266816582204,0.375322807470672,"recov3"
23,2020-01-01,1523,0.361881122803978,29.6103512856932,0.0122535312778734,0.996312437571201,0.0337307118001224,13,0.461285672233563,37.6152011358021,0.011950778147269,1.20137998231048,0.0311910234882013,-0.099404549429585,-8.00484985010893,0.000302753130604462,-0.205067544739281,0.00253968831192104,0.363220521151144,0.383963174870305,"recov3"
24,2020-01-02,42,0.290463489524665,33.9373482921589,0.00860242681449711,0.810681410488628,0.0240095505273375,12,0.461677608117566,36.4445492922576,0.0122917797251314,1.21024400769471,0.032328765132541,-0.171214118592901,-2.50720100009871,-0.00368935291063424,-0.399562597206084,-0.00831921460520348,0.358295485460302,0.381474814320276,"recov3"
25,2020-01-03,50,0.760718073174357,49.4366494397407,0.0149487013326253,1.90505130439997,0.0374071894836561,11,0.438294680968632,36.0065083803402,0.0118067328108637,1.15378096963534,0.0311836273097266,0.322423392205725,13.4301410594005,0.00314196852176158,0.751270334764627,0.00622356217392954,0.399316318367583,0.379876850549163,"recov3"
26,2020-01-04,193,0.625985765618566,52.1380435396843,0.0113448969249524,1.63659061652179,0.0296572264612911,10,0.452717616400439,37.5645426115013,0.0116430137421961,1.19057313161984,0.0308405838288534,0.173268149218128,14.5735009281831,-0.00029811681724368,0.446017484901947,-0.00118335736756226,0.382493801014796,0.38025183365636,"recov3"
27,2020-01-05,2813,0.400872662084259,35.2549478648581,0.0110658028896602,1.0769971888053,0.0297077630529929,9,0.48726992282329,39.7076461781107,0.011732638429181,1.28052329943501,0.0310835725128737,-0.0863972607390302,-4.45269831325263,-0.00066683553952088,-0.203526110629706,-0.00137580945988081,0.372213285467293,0.380524058436331,"recov3"
